date1,date2,scene1,scene2
2018-04-05,2018-04-17,S1B_IW_SLC__1SDV_20180405T151536_20180405T151603_010350_012D73_CC59,S1B_IW_SLC__1SDV_20180417T151536_20180417T151603_010525_01330A_657E
2018-04-05,2018-04-29,S1B_IW_SLC__1SDV_20180405T151536_20180405T151603_010350_012D73_CC59,S1B_IW_SLC__1SDV_20180429T151537_20180429T151604_010700_0138A6_AA9E
2018-04-05,2018-05-11,S1B_IW_SLC__1SDV_20180405T151536_20180405T151603_010350_012D73_CC59,S1B_IW_SLC__1SDV_20180511T151537_20180511T151604_010875_013E4C_7761
2018-04-05,2018-05-23,S1B_IW_SLC__1SDV_20180405T151536_20180405T151603_010350_012D73_CC59,S1B_IW_SLC__1SDV_20180523T151538_20180523T151605_011050_0143FD_AF3E
2018-04-05,2019-03-31,S1B_IW_SLC__1SDV_20180405T151536_20180405T151603_010350_012D73_CC59,S1B_IW_SLC__1SDV_20190331T151542_20190331T151609_015600_01D3EE_D2CB
2018-04-17,2018-04-29,S1B_IW_SLC__1SDV_20180417T151536_20180417T151603_010525_01330A_657E,S1B_IW_SLC__1SDV_20180429T151537_20180429T151604_010700_0138A6_AA9E
2018-04-17,2018-05-11,S1B_IW_SLC__1SDV_20180417T151536_20180417T151603_010525_01330A_657E,S1B_IW_SLC__1SDV_20180511T151537_20180511T151604_010875_013E4C_7761
2018-04-17,2018-05-23,S1B_IW_SLC__1SDV_20180417T151536_20180417T151603_010525_01330A_657E,S1B_IW_SLC__1SDV_20180523T151538_20180523T151605_011050_0143FD_AF3E
2018-04-17,2018-06-04,S1B_IW_SLC__1SDV_20180417T151536_20180417T151603_010525_01330A_657E,S1B_IW_SLC__1SDV_20180604T151539_20180604T151606_011225_0149A4_B9AA
2018-04-29,2018-05-11,S1B_IW_SLC__1SDV_20180429T151537_20180429T151604_010700_0138A6_AA9E,S1B_IW_SLC__1SDV_20180511T151537_20180511T151604_010875_013E4C_7761
2018-04-29,2018-05-23,S1B_IW_SLC__1SDV_20180429T151537_20180429T151604_010700_0138A6_AA9E,S1B_IW_SLC__1SDV_20180523T151538_20180523T151605_011050_0143FD_AF3E
2018-04-29,2018-06-04,S1B_IW_SLC__1SDV_20180429T151537_20180429T151604_010700_0138A6_AA9E,S1B_IW_SLC__1SDV_20180604T151539_20180604T151606_011225_0149A4_B9AA
2018-04-29,2018-06-16,S1B_IW_SLC__1SDV_20180429T151537_20180429T151604_010700_0138A6_AA9E,S1B_IW_SLC__1SDV_20180616T151540_20180616T151607_011400_014F02_0C7C
2018-05-11,2018-05-23,S1B_IW_SLC__1SDV_20180511T151537_20180511T151604_010875_013E4C_7761,S1B_IW_SLC__1SDV_20180523T151538_20180523T151605_011050_0143FD_AF3E
2018-05-11,2018-06-04,S1B_IW_SLC__1SDV_20180511T151537_20180511T151604_010875_013E4C_7761,S1B_IW_SLC__1SDV_20180604T151539_20180604T151606_011225_0149A4_B9AA
2018-05-11,2018-06-16,S1B_IW_SLC__1SDV_20180511T151537_20180511T151604_010875_013E4C_7761,S1B_IW_SLC__1SDV_20180616T151540_20180616T151607_011400_014F02_0C7C
2018-05-11,2018-06-28,S1B_IW_SLC__1SDV_20180511T151537_20180511T151604_010875_013E4C_7761,S1B_IW_SLC__1SDV_20180628T151540_20180628T151607_011575_015476_4673
2018-05-23,2018-06-04,S1B_IW_SLC__1SDV_20180523T151538_20180523T151605_011050_0143FD_AF3E,S1B_IW_SLC__1SDV_20180604T151539_20180604T151606_011225_0149A4_B9AA
2018-05-23,2018-06-16,S1B_IW_SLC__1SDV_20180523T151538_20180523T151605_011050_0143FD_AF3E,S1B_IW_SLC__1SDV_20180616T151540_20180616T151607_011400_014F02_0C7C
2018-05-23,2018-06-28,S1B_IW_SLC__1SDV_20180523T151538_20180523T151605_011050_0143FD_AF3E,S1B_IW_SLC__1SDV_20180628T151540_20180628T151607_011575_015476_4673
2018-05-23,2018-07-10,S1B_IW_SLC__1SDV_20180523T151538_20180523T151605_011050_0143FD_AF3E,S1B_IW_SLC__1SDV_20180710T151541_20180710T151608_011750_0159DF_A62C
2018-06-04,2018-06-16,S1B_IW_SLC__1SDV_20180604T151539_20180604T151606_011225_0149A4_B9AA,S1B_IW_SLC__1SDV_20180616T151540_20180616T151607_011400_014F02_0C7C
2018-06-04,2018-06-28,S1B_IW_SLC__1SDV_20180604T151539_20180604T151606_011225_0149A4_B9AA,S1B_IW_SLC__1SDV_20180628T151540_20180628T151607_011575_015476_4673
2018-06-04,2018-07-10,S1B_IW_SLC__1SDV_20180604T151539_20180604T151606_011225_0149A4_B9AA,S1B_IW_SLC__1SDV_20180710T151541_20180710T151608_011750_0159DF_A62C
2018-06-04,2018-07-22,S1B_IW_SLC__1SDV_20180604T151539_20180604T151606_011225_0149A4_B9AA,S1B_IW_SLC__1SDV_20180722T151542_20180722T151609_011925_015F39_2ADA
2018-06-16,2018-06-28,S1B_IW_SLC__1SDV_20180616T151540_20180616T151607_011400_014F02_0C7C,S1B_IW_SLC__1SDV_20180628T151540_20180628T151607_011575_015476_4673
2018-06-16,2018-07-10,S1B_IW_SLC__1SDV_20180616T151540_20180616T151607_011400_014F02_0C7C,S1B_IW_SLC__1SDV_20180710T151541_20180710T151608_011750_0159DF_A62C
2018-06-16,2018-07-22,S1B_IW_SLC__1SDV_20180616T151540_20180616T151607_011400_014F02_0C7C,S1B_IW_SLC__1SDV_20180722T151542_20180722T151609_011925_015F39_2ADA
2018-06-16,2018-08-03,S1B_IW_SLC__1SDV_20180616T151540_20180616T151607_011400_014F02_0C7C,S1B_IW_SLC__1SDV_20180803T151542_20180803T151609_012100_01647D_BCCE
2018-06-16,2019-07-29,S1B_IW_SLC__1SDV_20180616T151540_20180616T151607_011400_014F02_0C7C,S1B_IW_SLC__1SDV_20190729T151548_20190729T151615_017350_020A0A_1866
2018-06-28,2018-07-10,S1B_IW_SLC__1SDV_20180628T151540_20180628T151607_011575_015476_4673,S1B_IW_SLC__1SDV_20180710T151541_20180710T151608_011750_0159DF_A62C
2018-06-28,2018-07-22,S1B_IW_SLC__1SDV_20180628T151540_20180628T151607_011575_015476_4673,S1B_IW_SLC__1SDV_20180722T151542_20180722T151609_011925_015F39_2ADA
2018-06-28,2018-08-03,S1B_IW_SLC__1SDV_20180628T151540_20180628T151607_011575_015476_4673,S1B_IW_SLC__1SDV_20180803T151542_20180803T151609_012100_01647D_BCCE
2018-06-28,2018-08-15,S1B_IW_SLC__1SDV_20180628T151540_20180628T151607_011575_015476_4673,S1B_IW_SLC__1SDV_20180815T151543_20180815T151610_012275_0169E6_6BD3
2018-07-10,2018-07-22,S1B_IW_SLC__1SDV_20180710T151541_20180710T151608_011750_0159DF_A62C,S1B_IW_SLC__1SDV_20180722T151542_20180722T151609_011925_015F39_2ADA
2018-07-10,2018-08-03,S1B_IW_SLC__1SDV_20180710T151541_20180710T151608_011750_0159DF_A62C,S1B_IW_SLC__1SDV_20180803T151542_20180803T151609_012100_01647D_BCCE
2018-07-10,2018-08-15,S1B_IW_SLC__1SDV_20180710T151541_20180710T151608_011750_0159DF_A62C,S1B_IW_SLC__1SDV_20180815T151543_20180815T151610_012275_0169E6_6BD3
2018-07-10,2018-08-27,S1B_IW_SLC__1SDV_20180710T151541_20180710T151608_011750_0159DF_A62C,S1B_IW_SLC__1SDV_20180827T151544_20180827T151611_012450_016F57_4D51
2018-07-22,2018-08-03,S1B_IW_SLC__1SDV_20180722T151542_20180722T151609_011925_015F39_2ADA,S1B_IW_SLC__1SDV_20180803T151542_20180803T151609_012100_01647D_BCCE
2018-07-22,2018-08-15,S1B_IW_SLC__1SDV_20180722T151542_20180722T151609_011925_015F39_2ADA,S1B_IW_SLC__1SDV_20180815T151543_20180815T151610_012275_0169E6_6BD3
2018-07-22,2018-08-27,S1B_IW_SLC__1SDV_20180722T151542_20180722T151609_011925_015F39_2ADA,S1B_IW_SLC__1SDV_20180827T151544_20180827T151611_012450_016F57_4D51
2018-07-22,2018-09-08,S1B_IW_SLC__1SDV_20180722T151542_20180722T151609_011925_015F39_2ADA,S1B_IW_SLC__1SDV_20180908T151544_20180908T151611_012625_0174BD_C2DF
2018-08-03,2018-08-15,S1B_IW_SLC__1SDV_20180803T151542_20180803T151609_012100_01647D_BCCE,S1B_IW_SLC__1SDV_20180815T151543_20180815T151610_012275_0169E6_6BD3
2018-08-03,2018-08-27,S1B_IW_SLC__1SDV_20180803T151542_20180803T151609_012100_01647D_BCCE,S1B_IW_SLC__1SDV_20180827T151544_20180827T151611_012450_016F57_4D51
2018-08-03,2018-09-08,S1B_IW_SLC__1SDV_20180803T151542_20180803T151609_012100_01647D_BCCE,S1B_IW_SLC__1SDV_20180908T151544_20180908T151611_012625_0174BD_C2DF
2018-08-03,2018-09-20,S1B_IW_SLC__1SDV_20180803T151542_20180803T151609_012100_01647D_BCCE,S1B_IW_SLC__1SDV_20180920T151545_20180920T151612_012800_017A17_576E
2018-08-15,2018-08-27,S1B_IW_SLC__1SDV_20180815T151543_20180815T151610_012275_0169E6_6BD3,S1B_IW_SLC__1SDV_20180827T151544_20180827T151611_012450_016F57_4D51
2018-08-15,2018-09-08,S1B_IW_SLC__1SDV_20180815T151543_20180815T151610_012275_0169E6_6BD3,S1B_IW_SLC__1SDV_20180908T151544_20180908T151611_012625_0174BD_C2DF
2018-08-15,2018-09-20,S1B_IW_SLC__1SDV_20180815T151543_20180815T151610_012275_0169E6_6BD3,S1B_IW_SLC__1SDV_20180920T151545_20180920T151612_012800_017A17_576E
2018-08-15,2018-10-02,S1B_IW_SLC__1SDV_20180815T151543_20180815T151610_012275_0169E6_6BD3,S1B_IW_SLC__1SDV_20181002T151545_20181002T151612_012975_017F72_E719
2018-08-27,2018-09-08,S1B_IW_SLC__1SDV_20180827T151544_20180827T151611_012450_016F57_4D51,S1B_IW_SLC__1SDV_20180908T151544_20180908T151611_012625_0174BD_C2DF
2018-08-27,2018-09-20,S1B_IW_SLC__1SDV_20180827T151544_20180827T151611_012450_016F57_4D51,S1B_IW_SLC__1SDV_20180920T151545_20180920T151612_012800_017A17_576E
2018-08-27,2018-10-02,S1B_IW_SLC__1SDV_20180827T151544_20180827T151611_012450_016F57_4D51,S1B_IW_SLC__1SDV_20181002T151545_20181002T151612_012975_017F72_E719
2018-08-27,2018-10-14,S1B_IW_SLC__1SDV_20180827T151544_20180827T151611_012450_016F57_4D51,S1B_IW_SLC__1SDV_20181014T151545_20181014T151612_013150_0184C6_27C0
2018-09-08,2018-09-20,S1B_IW_SLC__1SDV_20180908T151544_20180908T151611_012625_0174BD_C2DF,S1B_IW_SLC__1SDV_20180920T151545_20180920T151612_012800_017A17_576E
2018-09-08,2018-10-02,S1B_IW_SLC__1SDV_20180908T151544_20180908T151611_012625_0174BD_C2DF,S1B_IW_SLC__1SDV_20181002T151545_20181002T151612_012975_017F72_E719
2018-09-08,2018-10-14,S1B_IW_SLC__1SDV_20180908T151544_20180908T151611_012625_0174BD_C2DF,S1B_IW_SLC__1SDV_20181014T151545_20181014T151612_013150_0184C6_27C0
2018-09-08,2018-10-26,S1B_IW_SLC__1SDV_20180908T151544_20180908T151611_012625_0174BD_C2DF,S1B_IW_SLC__1SDV_20181026T151545_20181026T151612_013325_018A34_A9F7
2018-09-08,2019-09-15,S1B_IW_SLC__1SDV_20180908T151544_20180908T151611_012625_0174BD_C2DF,S1B_IW_SLC__1SDV_20190915T151551_20190915T151618_018050_021FB2_7C5E
2018-09-20,2018-10-02,S1B_IW_SLC__1SDV_20180920T151545_20180920T151612_012800_017A17_576E,S1B_IW_SLC__1SDV_20181002T151545_20181002T151612_012975_017F72_E719
2018-09-20,2018-10-14,S1B_IW_SLC__1SDV_20180920T151545_20180920T151612_012800_017A17_576E,S1B_IW_SLC__1SDV_20181014T151545_20181014T151612_013150_0184C6_27C0
2018-09-20,2018-10-26,S1B_IW_SLC__1SDV_20180920T151545_20180920T151612_012800_017A17_576E,S1B_IW_SLC__1SDV_20181026T151545_20181026T151612_013325_018A34_A9F7
2018-10-02,2018-10-14,S1B_IW_SLC__1SDV_20181002T151545_20181002T151612_012975_017F72_E719,S1B_IW_SLC__1SDV_20181014T151545_20181014T151612_013150_0184C6_27C0
2018-10-02,2018-10-26,S1B_IW_SLC__1SDV_20181002T151545_20181002T151612_012975_017F72_E719,S1B_IW_SLC__1SDV_20181026T151545_20181026T151612_013325_018A34_A9F7
2018-10-14,2018-10-26,S1B_IW_SLC__1SDV_20181014T151545_20181014T151612_013150_0184C6_27C0,S1B_IW_SLC__1SDV_20181026T151545_20181026T151612_013325_018A34_A9F7
2019-03-31,2019-04-12,S1B_IW_SLC__1SDV_20190331T151542_20190331T151609_015600_01D3EE_D2CB,S1B_IW_SLC__1SDV_20190412T151543_20190412T151610_015775_01D9C0_2984
2019-03-31,2019-04-24,S1B_IW_SLC__1SDV_20190331T151542_20190331T151609_015600_01D3EE_D2CB,S1B_IW_SLC__1SDV_20190424T151543_20190424T151610_015950_01DF8E_F94D
2019-03-31,2019-05-06,S1B_IW_SLC__1SDV_20190331T151542_20190331T151609_015600_01D3EE_D2CB,S1B_IW_SLC__1SDV_20190506T151544_20190506T151611_016125_01E56C_EB46
2019-03-31,2019-05-18,S1B_IW_SLC__1SDV_20190331T151542_20190331T151609_015600_01D3EE_D2CB,S1B_IW_SLC__1SDV_20190518T151544_20190518T151611_016300_01EAD8_51AA
2019-04-12,2019-04-24,S1B_IW_SLC__1SDV_20190412T151543_20190412T151610_015775_01D9C0_2984,S1B_IW_SLC__1SDV_20190424T151543_20190424T151610_015950_01DF8E_F94D
2019-04-12,2019-05-06,S1B_IW_SLC__1SDV_20190412T151543_20190412T151610_015775_01D9C0_2984,S1B_IW_SLC__1SDV_20190506T151544_20190506T151611_016125_01E56C_EB46
2019-04-12,2019-05-18,S1B_IW_SLC__1SDV_20190412T151543_20190412T151610_015775_01D9C0_2984,S1B_IW_SLC__1SDV_20190518T151544_20190518T151611_016300_01EAD8_51AA
2019-04-12,2019-05-30,S1B_IW_SLC__1SDV_20190412T151543_20190412T151610_015775_01D9C0_2984,S1B_IW_SLC__1SDV_20190530T151545_20190530T151612_016475_01F02E_12A3
2019-04-24,2019-05-06,S1B_IW_SLC__1SDV_20190424T151543_20190424T151610_015950_01DF8E_F94D,S1B_IW_SLC__1SDV_20190506T151544_20190506T151611_016125_01E56C_EB46
2019-04-24,2019-05-18,S1B_IW_SLC__1SDV_20190424T151543_20190424T151610_015950_01DF8E_F94D,S1B_IW_SLC__1SDV_20190518T151544_20190518T151611_016300_01EAD8_51AA
2019-04-24,2019-05-30,S1B_IW_SLC__1SDV_20190424T151543_20190424T151610_015950_01DF8E_F94D,S1B_IW_SLC__1SDV_20190530T151545_20190530T151612_016475_01F02E_12A3
2019-04-24,2019-06-11,S1B_IW_SLC__1SDV_20190424T151543_20190424T151610_015950_01DF8E_F94D,S1B_IW_SLC__1SDV_20190611T151545_20190611T151612_016650_01F566_02EF
2019-05-06,2019-05-18,S1B_IW_SLC__1SDV_20190506T151544_20190506T151611_016125_01E56C_EB46,S1B_IW_SLC__1SDV_20190518T151544_20190518T151611_016300_01EAD8_51AA
2019-05-06,2019-05-30,S1B_IW_SLC__1SDV_20190506T151544_20190506T151611_016125_01E56C_EB46,S1B_IW_SLC__1SDV_20190530T151545_20190530T151612_016475_01F02E_12A3
2019-05-06,2019-06-11,S1B_IW_SLC__1SDV_20190506T151544_20190506T151611_016125_01E56C_EB46,S1B_IW_SLC__1SDV_20190611T151545_20190611T151612_016650_01F566_02EF
2019-05-06,2019-06-23,S1B_IW_SLC__1SDV_20190506T151544_20190506T151611_016125_01E56C_EB46,S1B_IW_SLC__1SDV_20190623T151546_20190623T151613_016825_01FA95_C68A
2019-05-18,2019-05-30,S1B_IW_SLC__1SDV_20190518T151544_20190518T151611_016300_01EAD8_51AA,S1B_IW_SLC__1SDV_20190530T151545_20190530T151612_016475_01F02E_12A3
2019-05-18,2019-06-11,S1B_IW_SLC__1SDV_20190518T151544_20190518T151611_016300_01EAD8_51AA,S1B_IW_SLC__1SDV_20190611T151545_20190611T151612_016650_01F566_02EF
2019-05-18,2019-06-23,S1B_IW_SLC__1SDV_20190518T151544_20190518T151611_016300_01EAD8_51AA,S1B_IW_SLC__1SDV_20190623T151546_20190623T151613_016825_01FA95_C68A
2019-05-18,2019-07-05,S1B_IW_SLC__1SDV_20190518T151544_20190518T151611_016300_01EAD8_51AA,S1B_IW_SLC__1SDV_20190705T151547_20190705T151614_017000_01FFC4_D62F
2019-05-30,2019-06-11,S1B_IW_SLC__1SDV_20190530T151545_20190530T151612_016475_01F02E_12A3,S1B_IW_SLC__1SDV_20190611T151545_20190611T151612_016650_01F566_02EF
2019-05-30,2019-06-23,S1B_IW_SLC__1SDV_20190530T151545_20190530T151612_016475_01F02E_12A3,S1B_IW_SLC__1SDV_20190623T151546_20190623T151613_016825_01FA95_C68A
2019-05-30,2019-07-05,S1B_IW_SLC__1SDV_20190530T151545_20190530T151612_016475_01F02E_12A3,S1B_IW_SLC__1SDV_20190705T151547_20190705T151614_017000_01FFC4_D62F
2019-05-30,2019-07-17,S1B_IW_SLC__1SDV_20190530T151545_20190530T151612_016475_01F02E_12A3,S1B_IW_SLC__1SDV_20190717T151548_20190717T151615_017175_0204EA_CBE4
2019-06-11,2019-06-23,S1B_IW_SLC__1SDV_20190611T151545_20190611T151612_016650_01F566_02EF,S1B_IW_SLC__1SDV_20190623T151546_20190623T151613_016825_01FA95_C68A
2019-06-11,2019-07-05,S1B_IW_SLC__1SDV_20190611T151545_20190611T151612_016650_01F566_02EF,S1B_IW_SLC__1SDV_20190705T151547_20190705T151614_017000_01FFC4_D62F
2019-06-11,2019-07-17,S1B_IW_SLC__1SDV_20190611T151545_20190611T151612_016650_01F566_02EF,S1B_IW_SLC__1SDV_20190717T151548_20190717T151615_017175_0204EA_CBE4
2019-06-11,2019-07-29,S1B_IW_SLC__1SDV_20190611T151545_20190611T151612_016650_01F566_02EF,S1B_IW_SLC__1SDV_20190729T151548_20190729T151615_017350_020A0A_1866
2019-06-23,2019-07-05,S1B_IW_SLC__1SDV_20190623T151546_20190623T151613_016825_01FA95_C68A,S1B_IW_SLC__1SDV_20190705T151547_20190705T151614_017000_01FFC4_D62F
2019-06-23,2019-07-17,S1B_IW_SLC__1SDV_20190623T151546_20190623T151613_016825_01FA95_C68A,S1B_IW_SLC__1SDV_20190717T151548_20190717T151615_017175_0204EA_CBE4
2019-06-23,2019-07-29,S1B_IW_SLC__1SDV_20190623T151546_20190623T151613_016825_01FA95_C68A,S1B_IW_SLC__1SDV_20190729T151548_20190729T151615_017350_020A0A_1866
2019-06-23,2019-08-10,S1B_IW_SLC__1SDV_20190623T151546_20190623T151613_016825_01FA95_C68A,S1B_IW_SLC__1SDV_20190810T151549_20190810T151616_017525_020F5A_D36E
2019-07-05,2019-07-17,S1B_IW_SLC__1SDV_20190705T151547_20190705T151614_017000_01FFC4_D62F,S1B_IW_SLC__1SDV_20190717T151548_20190717T151615_017175_0204EA_CBE4
2019-07-05,2019-07-29,S1B_IW_SLC__1SDV_20190705T151547_20190705T151614_017000_01FFC4_D62F,S1B_IW_SLC__1SDV_20190729T151548_20190729T151615_017350_020A0A_1866
2019-07-05,2019-08-10,S1B_IW_SLC__1SDV_20190705T151547_20190705T151614_017000_01FFC4_D62F,S1B_IW_SLC__1SDV_20190810T151549_20190810T151616_017525_020F5A_D36E
2019-07-05,2019-08-22,S1B_IW_SLC__1SDV_20190705T151547_20190705T151614_017000_01FFC4_D62F,S1B_IW_SLC__1SDV_20190822T151550_20190822T151617_017700_0214D2_28E0
2019-07-17,2019-07-29,S1B_IW_SLC__1SDV_20190717T151548_20190717T151615_017175_0204EA_CBE4,S1B_IW_SLC__1SDV_20190729T151548_20190729T151615_017350_020A0A_1866
2019-07-17,2019-08-10,S1B_IW_SLC__1SDV_20190717T151548_20190717T151615_017175_0204EA_CBE4,S1B_IW_SLC__1SDV_20190810T151549_20190810T151616_017525_020F5A_D36E
2019-07-17,2019-08-22,S1B_IW_SLC__1SDV_20190717T151548_20190717T151615_017175_0204EA_CBE4,S1B_IW_SLC__1SDV_20190822T151550_20190822T151617_017700_0214D2_28E0
2019-07-17,2019-09-03,S1B_IW_SLC__1SDV_20190717T151548_20190717T151615_017175_0204EA_CBE4,S1B_IW_SLC__1SDV_20190903T151550_20190903T151617_017875_021A3E_27B6
2019-07-29,2019-08-10,S1B_IW_SLC__1SDV_20190729T151548_20190729T151615_017350_020A0A_1866,S1B_IW_SLC__1SDV_20190810T151549_20190810T151616_017525_020F5A_D36E
2019-07-29,2019-08-22,S1B_IW_SLC__1SDV_20190729T151548_20190729T151615_017350_020A0A_1866,S1B_IW_SLC__1SDV_20190822T151550_20190822T151617_017700_0214D2_28E0
2019-07-29,2019-09-03,S1B_IW_SLC__1SDV_20190729T151548_20190729T151615_017350_020A0A_1866,S1B_IW_SLC__1SDV_20190903T151550_20190903T151617_017875_021A3E_27B6
2019-07-29,2019-09-15,S1B_IW_SLC__1SDV_20190729T151548_20190729T151615_017350_020A0A_1866,S1B_IW_SLC__1SDV_20190915T151551_20190915T151618_018050_021FB2_7C5E
2019-08-10,2019-08-22,S1B_IW_SLC__1SDV_20190810T151549_20190810T151616_017525_020F5A_D36E,S1B_IW_SLC__1SDV_20190822T151550_20190822T151617_017700_0214D2_28E0
2019-08-10,2019-09-03,S1B_IW_SLC__1SDV_20190810T151549_20190810T151616_017525_020F5A_D36E,S1B_IW_SLC__1SDV_20190903T151550_20190903T151617_017875_021A3E_27B6
2019-08-10,2019-09-15,S1B_IW_SLC__1SDV_20190810T151549_20190810T151616_017525_020F5A_D36E,S1B_IW_SLC__1SDV_20190915T151551_20190915T151618_018050_021FB2_7C5E
2019-08-10,2019-09-27,S1B_IW_SLC__1SDV_20190810T151549_20190810T151616_017525_020F5A_D36E,S1B_IW_SLC__1SDV_20190927T151552_20190927T151619_018225_022516_7A95
2019-08-22,2019-09-03,S1B_IW_SLC__1SDV_20190822T151550_20190822T151617_017700_0214D2_28E0,S1B_IW_SLC__1SDV_20190903T151550_20190903T151617_017875_021A3E_27B6
2019-08-22,2019-09-15,S1B_IW_SLC__1SDV_20190822T151550_20190822T151617_017700_0214D2_28E0,S1B_IW_SLC__1SDV_20190915T151551_20190915T151618_018050_021FB2_7C5E
2019-08-22,2019-09-27,S1B_IW_SLC__1SDV_20190822T151550_20190822T151617_017700_0214D2_28E0,S1B_IW_SLC__1SDV_20190927T151552_20190927T151619_018225_022516_7A95
2019-08-22,2019-10-09,S1B_IW_SLC__1SDV_20190822T151550_20190822T151617_017700_0214D2_28E0,S1B_IW_SLC__1SDV_20191009T151551_20191009T151618_018400_022A9C_3617
2019-09-03,2019-09-15,S1B_IW_SLC__1SDV_20190903T151550_20190903T151617_017875_021A3E_27B6,S1B_IW_SLC__1SDV_20190915T151551_20190915T151618_018050_021FB2_7C5E
2019-09-03,2019-09-27,S1B_IW_SLC__1SDV_20190903T151550_20190903T151617_017875_021A3E_27B6,S1B_IW_SLC__1SDV_20190927T151552_20190927T151619_018225_022516_7A95
2019-09-03,2019-10-09,S1B_IW_SLC__1SDV_20190903T151550_20190903T151617_017875_021A3E_27B6,S1B_IW_SLC__1SDV_20191009T151551_20191009T151618_018400_022A9C_3617
2019-09-03,2019-10-21,S1B_IW_SLC__1SDV_20190903T151550_20190903T151617_017875_021A3E_27B6,S1B_IW_SLC__1SDV_20191021T151552_20191021T151619_018575_022FF9_5890
2019-09-15,2019-09-27,S1B_IW_SLC__1SDV_20190915T151551_20190915T151618_018050_021FB2_7C5E,S1B_IW_SLC__1SDV_20190927T151552_20190927T151619_018225_022516_7A95
2019-09-15,2019-10-09,S1B_IW_SLC__1SDV_20190915T151551_20190915T151618_018050_021FB2_7C5E,S1B_IW_SLC__1SDV_20191009T151551_20191009T151618_018400_022A9C_3617
2019-09-15,2019-10-21,S1B_IW_SLC__1SDV_20190915T151551_20190915T151618_018050_021FB2_7C5E,S1B_IW_SLC__1SDV_20191021T151552_20191021T151619_018575_022FF9_5890
2019-09-27,2019-10-09,S1B_IW_SLC__1SDV_20190927T151552_20190927T151619_018225_022516_7A95,S1B_IW_SLC__1SDV_20191009T151551_20191009T151618_018400_022A9C_3617
2019-09-27,2019-10-21,S1B_IW_SLC__1SDV_20190927T151552_20190927T151619_018225_022516_7A95,S1B_IW_SLC__1SDV_20191021T151552_20191021T151619_018575_022FF9_5890
2019-10-09,2019-10-21,S1B_IW_SLC__1SDV_20191009T151551_20191009T151618_018400_022A9C_3617,S1B_IW_SLC__1SDV_20191021T151552_20191021T151619_018575_022FF9_5890
